"team1","team2","draw","odds1","odds2","drawodds","overodds","underodds","min1","min2","minX","minunder","minover","mg1","mg2","gg1","gg2","fg","lg","confirmed","league","id","day","min1_dif","min2_dif","minX_dif","minO_dif","minU_dif","min1s_dif","min2s_dif"
"Fiorentina ","Basel      ","draw",73.68,13.33,20,60.94,43.86,67.39,8.16,13.71,33.78,58.51,120.4448,21.6256,34.88556,33.93333,316.25,3226,"expected      ","INT Europa Conference League ","4140721","20230511",-6.29000000000001,-5.17,-6.29,-2.43,-10.08,-12.58,-11.46
"West Ham United ","AZ              ","draw",64.29,16.67,25,51.92,53.27,52.17,21.26,22.58,44.24,47.72,134.1383,103.5274,56.29389,29.65,1520.625,4104,"expected      ","INT Europa Conference League ","4140722","20230511",-12.12,4.59,-2.42,-4.2,-9.03,-14.54,2.17
"AS Roma          ","Bayer Leverkusen ","draw",47.62,27.03,32.26,43.86,60.94,38.98,30.97,26.19,53.04,40.15,116.3571,35.0354,70.45611,68.255,187.375,4782,"expected      ","INT Europa League ","4140623","20230511",-8.64,3.94,-6.07,-3.71,-7.9,-14.71,-2.13
"Juventus   ","Sevilla FC ","draw",58.33,19.23,29.41,42.37,62.41,44.7,26.93,26.67,58.23,37.6,92.138,55.6,67.45611,61.625,444.8571,5174,"expected      ","INT Europa League ","4140621","20230511",-13.63,7.7,-2.74,-4.77,-4.18,-16.37,4.96
"Atlas       ","Guadalajara ","draw",42.55,33.33,31.25,51.92,55.75,40.22,29.48,27.04,55.86,39.12,19.6756,90.2569,45.96667,22.92,645.1429,1100,"matt predicted ","MEX Liga MX ","4167667","20230511",-2.33,-3.85,-4.21,-12.8,0.109999999999999,-6.54,-8.06
"Tigres UANL ","Toluca      ","draw",53.49,27.78,26.32,62.12,46.3,42.81,30.35,25.09,48.42,44.45,15.6222,68.5643,45.98833,20.4,645.1429,1100,"matt predicted ","MEX Liga MX ","4167669","20230511",-10.68,2.57,-1.23,-17.67,2.12,-11.91,1.34
